{
  "distance_m": [
    0.0,
    69.45405263157895,
    138.9081052631579,
    208.36215789473684,
    277.8162105263158,
    347.27026315789476,
    416.7243157894737,
    486.1783684210526,
    555.6324210526316,
    625.0864736842105,
    694.5405263157895,
    763.9945789473684,
    833.4486315789474,
    902.9026842105263,
    972.3567368421052,
    1041.8107894736843,
    1111.2648421052631,
    1180.718894736842,
    1250.172947368421,
    1319.627
  ],
  "velocity_ms": [
    6.858598057811943,
    6.868868390497091,
    6.89308609147586,
    6.87543068371951,
    6.730566496117626,
    6.659335461314757,
    6.690780114379433,
    6.787621347794964,
    6.906736678195924,
    6.378872722921598,
    6.9631208648098175,
    7.996233078851852,
    8.016888017080788,
    8.014243818204339,
    7.3365508726085915,
    6.834890679428856,
    6.831478998206416,
    6.881576051689726,
    6.876792460195834,
    6.858598057811943
  ],
  "velocity_kmh": [
    24.690953008122996,
    24.727926205789526,
    24.815109929313095,
    24.751550461390238,
    24.230039386023453,
    23.973607660733123,
    24.08680841176596,
    24.435436852061873,
    24.864252041505328,
    22.963941802517752,
    25.067235113315345,
    28.786439083866668,
    28.860796861490837,
    28.85127774553562,
    26.41158314139093,
    24.60560644594388,
    24.5933243935431,
    24.773673786083016,
    24.756452856705003,
    24.690953008122996
  ],
  "time_s": [
    0.0,
    10.118990695494926,
    20.21262277697843,
    30.301444073503802,
    40.51077334405571,
    50.88486762082923,
    61.28987905878713,
    71.59585678567022,
    81.73931184939212,
    92.19484317424603,
    102.606188701416,
    111.89189086384219,
    120.56653364153534,
    129.23143058645448,
    138.28035007635495,
    148.08232433233223,
    158.2465529123975,
    168.37617791264208,
    178.4724407902615,
    188.58559374947603
  ],
  "acceleration_ms2": [
    0.0010149562337002326,
    0.0017071305701625394,
    0.00032465391594955974,
    -0.007969695150769928,
    -0.010527817274472759,
    -0.00192208661501143,
    0.006209338078039552,
    0.010569840389797743,
    -0.019371750610279615,
    0.0028149568181474877,
    0.08368743563251892,
    0.05681972722383115,
    0.0010379542855170141,
    -0.03759865110913031,
    -0.06303582265666305,
    -0.02575758048776897,
    0.0023049711686476755,
    0.002235899901212213,
    -0.0011364406561074113,
    -0.0017990830809409698
  ],
  "force_traction_N": [
    6.347696424775077,
    7.230883676475441,
    7.1326381282579066,
    3.8272420730860137,
    2.3018095182753155,
    3.486939576199023,
    3.469689939941712,
    2.96516672272114,
    0.37135120529533583,
    0.9377089467266249,
    5.054294325172925,
    2.209846056652579,
    0.9208296567296652,
    3.684410600316144,
    5.104059410653182,
    6.412404022636391,
    7.1420916382059,
    8.832520652276155,
    8.34767070034735,
    6.862320816354639
  ],
  "force_drag_N": [
    1.470793634856431,
    1.4744934070959717,
    1.4788982136287414,
    1.4622415133090132,
    1.4221139257439406,
    1.3951962663620017,
    1.4044757123577987,
    1.440807261927521,
    1.4206708861192519,
    1.3834933057025607,
    1.5679825932112266,
    1.8739811410680738,
    2.0036017753841193,
    1.9225349226255546,
    1.703342501170808,
    1.5125999372813435,
    1.4627188865128424,
    1.472565021347347,
    1.47495753143797,
    1.4724921325510552
  ],
  "force_rolling_N": [
    2.934907093905546,
    2.934923904472702,
    2.934958484695532,
    2.934840186367715,
    2.934529213287044,
    2.9343218005781653,
    2.934389952258746,
    2.9346678544183877,
    2.934505392723965,
    2.934193620675206,
    2.935587466781225,
    2.9379548419210115,
    2.939034999646738,
    2.9384322838123174,
    2.9366690024638213,
    2.9351946510054576,
    2.9348344417646697,
    2.9348768780864773,
    2.934899320103008,
    2.9349115986801664
  ],
  "force_grade_N": [
    1.8663814566024337,
    2.6942851374296595,
    2.694594713195391,
    0.023902662141645603,
    -1.2705112338074485,
    -0.6993830379227925,
    -1.3317714114887795,
    -2.1977615026647004,
    -2.54062965308205,
    -3.58969226260313,
    -5.683989689442186,
    -6.835159604511926,
    -4.09913471257221,
    1.6245429015084807,
    5.16021669493995,
    3.8835491806883784,
    2.572817957864136,
    4.25850421020202,
    4.022478677686374,
    2.58894877465352
  ],
  "power_mechanical_W": [
    43.56889484757554,
    49.700816118051634,
    49.08961213199399,
    26.286645276712974,
    15.491714729814511,
    23.306361003724593,
    23.258706885920418,
    20.13750523486114,
    2.7595278745999483,
    6.285362229270959,
    36.188257441686716,
    16.083273203468387,
    7.388587952843956,
    28.880282290857373,
    37.29678418636384,
    44.6218029483689,
    48.89464250035426,
    60.67181301812616,
    57.38574426419794,
    47.12832813624245
  ],
  "power_electrical_W": [
    48.34316498364423,
    55.072659149348624,
    54.401722167064406,
    29.326652410359568,
    17.464619037778483,
    26.082284550772357,
    26.029822468908456,
    22.595529219887265,
    11.009379164794353,
    14.888543764378523,
    40.235847920278765,
    25.34730415590024,
    15.79893143532008,
    32.21165320479094,
    41.45468910672078,
    49.498906642220994,
    54.18816085005203,
    67.11109233027749,
    63.50489722424143,
    52.25005287808978
  ],
  "energy_cumulative_J": [
    0.0,
    489.18409972511057,
    1112.9926479547244,
    1587.1804601113074,
    1706.152118263896,
    1947.6352623340995,
    2248.2090058229974,
    2487.0278056666816,
    2710.3825472923713,
    2710.3825472923713,
    3020.6058524404452,
    3491.97923601673,
    3491.97923601673,
    3765.7714656460485,
    4063.080591790589,
    4554.1525221231495,
    5051.324372011372,
    5653.658123232571,
    6408.452140481637,
    6936.865115319348
  ],
  "energy_cumulative_Wh": [
    0.0,
    0.13588447214586405,
    0.3091646244318679,
    0.4408834611420298,
    0.4739311439621933,
    0.5410097950928054,
    0.6245025016174993,
    0.6908410571296337,
    0.7528840409145476,
    0.7528840409145476,
    0.839057181233457,
    0.9699942322268694,
    0.9699942322268694,
    1.0460476293461245,
    1.1286334977196082,
    1.2650423672564304,
    1.403145658892048,
    1.5704605897868251,
    1.7801255945782324,
    1.9269069764775966
  ],
  "lateral_acceleration_ms2": [
    0.008111042368392806,
    5.805919809529052e-05,
    0.9934167758560372,
    1.2228721723061706,
    0.20447100259087755,
    0.10222127064709269,
    0.4520251419275841,
    0.5806958950088507,
    0.003699077783872608,
    0.25274387337009935,
    1.14917320934255,
    0.14308646939654387,
    0.03809351707187746,
    1.922556350607432,
    0.02928292674232028,
    0.6882871618758474,
    0.7127507535620585,
    1.8031912230979745,
    0.001649215574657708,
    0.008111042368392806
  ],
  "total_energy_J": 6936.865115319348,
  "total_energy_Wh": 1.9269069764775966,
  "total_time_s": 188.58559374947603,
  "avg_velocity_kmh": 25.190986785082565,
  "peak_power_W": 74.75974157039307,
  "peak_force_N": 9.833020584340062,
  "energy_aero_Wh": 0.566211000336399,
  "energy_rolling_Wh": 1.07603087145717,
  "energy_grade_Wh": 0.5935735791982741,
  "energy_drivetrain_loss_Wh": 0.19308780379376114,
  "energy_mechanical_braking_Wh": 0.07357265178364568,
  "energy_potential_grade_Wh": 0.5759298547610843,
  "energy_potential_kinetic_Wh": 0.07357265178364568,
  "energy_recovered_regen_Wh": 0.0
}