{
  "laps": 7,
  "total_time_budget_s": 1320.0,
  "track_length_m": 1319.627,
  "vehicle_mass_kg": 74.5,
  "linking_velocity_ms": 6.858598057811943,
  "linking_velocity_kmh": 24.690953008122996,
  "lap_1": {
    "time_s": 188.55054002674314,
    "energy_Wh": 2.443467206103205,
    "avg_speed_kmh": 25.195670080426122,
    "peak_power_W": 114.79565569858435
  },
  "middle_lap": {
    "count": 5,
    "time_s": 188.58559374947603,
    "energy_Wh": 1.9269069764775966,
    "avg_speed_kmh": 25.190986785082565,
    "peak_power_W": 74.75974157039307
  },
  "last_lap": {
    "time_s": 188.55139943652176,
    "energy_Wh": 1.6513821413863858,
    "avg_speed_kmh": 25.1955552395641,
    "peak_power_W": 84.88006933265045
  },
  "race_total": {
    "time_s": 1320.029908210645,
    "time_min": 22.00049847017742,
    "energy_Wh": 13.729384229877574,
    "avg_speed_kmh": 25.192308290255315,
    "peak_power_W": 114.79565569858435
  }
}