{
  "distance_m": [
    0.0,
    69.45405263157895,
    138.9081052631579,
    208.36215789473684,
    277.8162105263158,
    347.27026315789476,
    416.7243157894737,
    486.1783684210526,
    555.6324210526316,
    625.0864736842105,
    694.5405263157895,
    763.9945789473684,
    833.4486315789474,
    902.9026842105263,
    972.3567368421052,
    1041.8107894736843,
    1111.2648421052631,
    1180.718894736842,
    1250.172947368421,
    1319.627
  ],
  "velocity_ms": [
    6.858598057811943,
    7.428310031327386,
    7.556202687028808,
    7.547022645104376,
    7.529235345610849,
    7.537226977701801,
    7.5180811426500185,
    7.391807436120862,
    7.3296789288077555,
    7.6018060436485735,
    7.795570597564401,
    8.502779913321362,
    8.664028976674436,
    8.83645868639434,
    7.94425584366077,
    7.542888848197846,
    7.499109849717517,
    6.915821514966717,
    5.783848263714647,
    0.0
  ],
  "velocity_kmh": [
    24.690953008122996,
    26.74191611277859,
    27.20232967330371,
    27.169281522375755,
    27.105247244199056,
    27.134017119726483,
    27.065092113540068,
    26.610506770035105,
    26.386844143707922,
    27.366501757134866,
    28.064054151231844,
    30.610007687956905,
    31.19050431602797,
    31.81125127101963,
    28.599321037178772,
    27.154399853512245,
    26.996795458983062,
    24.89695745388018,
    20.821853749372732,
    0.0
  ],
  "time_s": [
    0.0,
    9.722754874356163,
    18.992866480520966,
    28.190114234457408,
    37.403813373110054,
    46.62350292479881,
    55.85002317617655,
    65.1665317824809,
    74.60227093407107,
    83.90530445815776,
    92.92684809510129,
    101.44968021669423,
    109.5413474655857,
    117.47873229379796,
    125.7565743972654,
    134.72582651099944,
    143.96051054819517,
    153.59691475636745,
    164.53484524463414,
    188.55139943652176
  ],
  "acceleration_ms2": [
    0.0585957355582482,
    0.03619598622337082,
    0.006399053823501755,
    -0.0014643283669263018,
    -0.0005318634648514675,
    -0.0006041433716482828,
    -0.007814422839442295,
    -0.010069069989695308,
    0.01133352854606753,
    0.02536471046398749,
    0.05222809389574776,
    0.05145299887275527,
    0.02082576769372758,
    -0.04302915649331279,
    -0.07626563583149726,
    -0.0247449648758233,
    -0.03263519048155785,
    -0.08201014533058422,
    -0.17215909444688804,
    -0.24082756491638313
  ],
  "force_traction_N": [
    10.760747537427727,
    10.000171683245618,
    7.874972167921851,
    4.629317945687671,
    3.4000144020996794,
    3.9632788571623028,
    2.7752597658411906,
    1.7021952382135155,
    2.956351065387271,
    3.0326585798355414,
    3.1075222461710776,
    2.1252002786635833,
    2.7393656835857234,
    3.654333964543576,
    4.452626718558864,
    6.796649437521337,
    4.77202610794385,
    2.5236685645428505,
    -5.114136389304891,
    -12.16619802499503
  ],
  "force_drag_N": [
    1.5931162280933566,
    1.6728044472124761,
    1.76643153001405,
    1.7771943176087044,
    1.7728659630729986,
    1.7704025116138002,
    1.7520861728935402,
    1.7132949434482931,
    1.7158099609354402,
    1.7952529791942284,
    1.961838194619412,
    2.1866997047010415,
    2.345260843130207,
    2.2941112105603683,
    2.0349262051050667,
    1.8189992910399073,
    1.693880221217112,
    1.4402964699601415,
    0.7599480300074697,
    0.2610987194060271
  ],
  "force_rolling_N": [
    2.935867553642446,
    2.936481124962356,
    2.9372164148615303,
    2.9373134292733303,
    2.937283500965564,
    2.937268064659092,
    2.9371195059748807,
    2.936807511662223,
    2.9368228808518495,
    2.937426933677375,
    2.938680745760644,
    2.9404117624542003,
    2.941719859845021,
    2.9413520112265297,
    2.9392736879603927,
    2.9376008490418872,
    2.9366496197386613,
    2.9346237115092135,
    2.9292894392944238,
    2.9254080672159666
  ],
  "force_grade_N": [
    1.8663814566024337,
    2.6942851374296595,
    2.694594713195391,
    0.023902662141645603,
    -1.2705112338074485,
    -0.6993830379227925,
    -1.3317714114887795,
    -2.1977615026647004,
    -2.54062965308205,
    -3.58969226260313,
    -5.683989689442186,
    -6.835159604511926,
    -4.09913471257221,
    1.6245429015084807,
    5.16021669493995,
    3.8835491806883784,
    2.572817957864136,
    4.25850421020202,
    4.022478677686374,
    2.58894877465352
  ],
  "power_mechanical_W": [
    76.86890551883116,
    73.04716306268381,
    59.19452542542276,
    34.940287532850625,
    25.61982477126415,
    29.845490667261913,
    20.830275445241107,
    12.608348544799917,
    21.980600274783,
    22.860168769013228,
    24.899992348048144,
    17.300534831562054,
    23.977070011381645,
    31.66202521164687,
    35.0440727435932,
    51.914258037670216,
    35.40295259675421,
    17.358242389630746,
    -11.439108159503427,
    -35.183721661438035
  ],
  "power_electrical_W": [
    84.88006933265045,
    80.68778716877034,
    65.48964874791017,
    38.85866633111841,
    28.625021257379977,
    33.27233902928077,
    23.34483499587435,
    14.289881101063438,
    24.609669158742253,
    25.58165010420809,
    27.822301090535547,
    19.64118618232646,
    26.97074742877748,
    35.24626873852995,
    38.95761346904005,
    57.502171934577284,
    39.36908767362598,
    19.526442422834265,
    6.9774345244979905,
    0.0
  ],
  "energy_cumulative_J": [
    0.0,
    825.4623566577803,
    1534.5940143384246,
    2035.6950028625438,
    2249.762040525531,
    2563.3836699203835,
    2863.5057608415796,
    2995.4508907314294,
    3131.500194034952,
    3455.2999616923635,
    3602.934817913599,
    3938.030845791953,
    3938.030845791953,
    4366.203037034949,
    4503.681756518837,
    5054.168985502235,
    5549.5200570956085,
    5791.577618239366,
    5944.975708990989,
    5944.975708990989
  ],
  "energy_cumulative_Wh": [
    0.0,
    0.22929509907160564,
    0.4262761150940068,
    0.5654708341284844,
    0.6249339001459808,
    0.7120510194223287,
    0.7954182669004388,
    0.8320696918698415,
    0.8698611650097089,
    0.9598055449145454,
    1.000815227198222,
    1.0938974571644315,
    1.0938974571644315,
    1.2128341769541526,
    1.2510227101441214,
    1.4039358293061763,
    1.5415333491932246,
    1.608771560622046,
    1.6513821413863858,
    1.6513821413863858
  ],
  "lateral_acceleration_ms2": [
    0.008111042368392806,
    6.790170591802824e-05,
    1.1937442208989755,
    1.473440328817271,
    0.2558764003918911,
    0.13094914803011004,
    0.5707200023254038,
    0.6886758144443609,
    0.004165983720874796,
    0.35894369774533114,
    1.4403679302408465,
    0.1617892099181859,
    0.044491723489251234,
    2.3372785789470467,
    0.0343350005382356,
    0.8382661702791787,
    0.8588704103748035,
    1.821182673727293,
    0.0011666467460805002,
    0.0
  ],
  "total_energy_J": 5944.975708990989,
  "total_energy_Wh": 1.6513821413863858,
  "total_time_s": 188.55139943652176,
  "avg_velocity_kmh": 25.1955552395641,
  "peak_power_W": 84.88006933265045,
  "peak_force_N": 12.16619802499503,
  "energy_aero_Wh": 0.640505475365577,
  "energy_rolling_Wh": 1.0766145791894666,
  "energy_grade_Wh": 0.5935735791982741,
  "energy_drivetrain_loss_Wh": 0.1664353019875123,
  "energy_mechanical_braking_Wh": 0.23632782623787937,
  "energy_potential_grade_Wh": 0.5759298547610843,
  "energy_potential_kinetic_Wh": 0.23632782623787937,
  "energy_recovered_regen_Wh": 0.0
}