{
  "distance_m": [
    0.0,
    69.45405263157895,
    138.9081052631579,
    208.36215789473684,
    277.8162105263158,
    347.27026315789476,
    416.7243157894737,
    486.1783684210526,
    555.6324210526316,
    625.0864736842105,
    694.5405263157895,
    763.9945789473684,
    833.4486315789474,
    902.9026842105263,
    972.3567368421052,
    1041.8107894736843,
    1111.2648421052631,
    1180.718894736842,
    1250.172947368421,
    1319.627
  ],
  "velocity_ms": [
    0.0,
    6.856930838101369,
    7.385465680116951,
    6.836708717365078,
    7.112344653529192,
    7.573607960743738,
    7.233941835773318,
    7.055104005549953,
    7.193495574695471,
    7.433422758872953,
    7.893495190204293,
    8.564941205982006,
    8.78599605766517,
    8.572132829089274,
    7.753035844078981,
    7.1342150720055955,
    6.984138538032783,
    7.03191227478089,
    7.010661070627488,
    6.858598057811943
  ],
  "velocity_kmh": [
    0.0,
    24.684951017164927,
    26.587676448421025,
    24.61215138251428,
    25.60444075270509,
    27.264988658677456,
    26.042190608783944,
    25.398374419979834,
    25.896584068903696,
    26.76032193194263,
    28.416582684735456,
    30.83378834153522,
    31.629585807594612,
    30.859678184721385,
    27.91092903868433,
    25.683174259220145,
    25.14289873691802,
    25.314884189211202,
    25.238379854258955,
    24.690953008122996
  ],
  "time_s": [
    0.0,
    20.25805838543655,
    30.011199655269337,
    39.77820864988207,
    49.736454673443774,
    59.195024295148556,
    68.57592168681771,
    78.29722196156678,
    88.04611724638784,
    97.54286167985931,
    106.60587785340913,
    115.0458111447238,
    123.05160951471683,
    131.05409101312046,
    139.5629222567121,
    148.89359761418044,
    158.7324293292603,
    168.64307442596373,
    178.53500105838384,
    188.55054002674314
  ],
  "acceleration_ms2": [
    0.338479172467525,
    0.1963352073979089,
    -0.0009967540478839632,
    -0.014252792643375948,
    0.03822293679993667,
    0.0062792160668425565,
    -0.027302384549642553,
    -0.0021004386284105463,
    0.019729883193710124,
    0.038013936316414525,
    0.0651597828488967,
    0.053583843719297614,
    0.0004436147818303905,
    -0.061494474686588356,
    -0.08129272407514529,
    -0.040787302006861884,
    -0.0052165222852623375,
    0.001336054249944091,
    -0.008665523574134077,
    -0.015182708918205603
  ],
  "force_traction_N": [
    30.376296615129093,
    21.22735152985299,
    7.137054883297551,
    3.4462744011490747,
    6.114037706322027,
    4.402461473269504,
    1.2230067094344188,
    2.170676544041304,
    3.4925892900877624,
    3.9311034519745442,
    4.0830436645449595,
    2.3295711770627725,
    1.2263752115055977,
    2.199832962955859,
    3.947124609173603,
    5.423893882380056,
    6.664178833020972,
    8.829603710551535,
    7.832364709201862,
    5.894309581831321
  ],
  "force_drag_N": [
    0.3669699459344176,
    0.9750873862815526,
    1.5809585031068782,
    1.5486858757176418,
    1.6010063009203184,
    1.6973486075185553,
    1.6524686026226474,
    1.5890886146718368,
    1.6272155131082595,
    1.7516727974572384,
    1.973854350409289,
    2.2319669239000532,
    2.3506980411290255,
    2.21589110821129,
    1.9049631619349388,
    1.642781807740167,
    1.5445151151420937,
    1.5361870516436467,
    1.520212896647171,
    1.5013345696916958
  ],
  "force_rolling_N": [
    2.926246863761627,
    2.931006054997564,
    2.9357598435626366,
    2.935518915221295,
    2.9359338476138754,
    2.936694306693971,
    2.9363371672489214,
    2.935832109850753,
    2.9361271321301485,
    2.937084661547553,
    2.9387751813350516,
    2.940767500586973,
    2.9417625817024184,
    2.9407373173869202,
    2.938252695897039,
    2.936216893462721,
    2.9354766702667865,
    2.935376407085034,
    2.935254641141305,
    2.9351380518924226
  ],
  "force_grade_N": [
    1.8663814566024337,
    2.6942851374296595,
    2.694594713195391,
    0.023902662141645603,
    -1.2705112338074485,
    -0.6993830379227925,
    -1.3317714114887795,
    -2.1977615026647004,
    -2.54062965308205,
    -3.58969226260313,
    -5.683989689442186,
    -6.835159604511926,
    -4.09913471257221,
    1.6245429015084807,
    5.16021669493995,
    3.8835491806883784,
    2.572817957864136,
    4.25850421020202,
    4.022478677686374,
    2.58894877465352
  ],
  "power_mechanical_W": [
    104.14408250379645,
    95.07840472486512,
    50.81328236568532,
    24.186055962535505,
    44.02995854829043,
    32.365889661690986,
    8.902903184065263,
    15.476404441426538,
    25.243183035899847,
    29.45802486375499,
    32.45570906094915,
    19.29083990563791,
    10.64282021258879,
    18.45049913379005,
    30.274594449156837,
    39.32781688917313,
    46.84185538340924,
    61.94287120169409,
    54.73788603604074,
    40.87485348683103
  ],
  "power_electrical_W": [
    114.79565569858435,
    104.85265186012563,
    56.259755977197244,
    27.04121623799594,
    48.84598555170355,
    35.99348334893642,
    10.181192678748168,
    17.437833500822254,
    28.21263082434578,
    32.846418164725605,
    36.14007851438282,
    21.591421309174457,
    12.079116036496327,
    20.736651616245247,
    33.7366529459178,
    43.68721513052291,
    51.9341244938679,
    68.50568426053859,
    60.598073761565566,
    45.38572640886058
  ],
  "energy_cumulative_J": [
    0.0,
    2351.7125730712705,
    3277.546979543551,
    3449.7217686646045,
    3812.9699716986493,
    4392.145242261256,
    4493.222582854666,
    4586.515517342617,
    4832.987259978927,
    5128.792193713376,
    5442.031547207479,
    5760.754338124915,
    5804.4216157813,
    5954.152199346729,
    6148.265448077292,
    6565.6421152492585,
    6985.451978568601,
    7591.9942131707385,
    8341.905607040651,
    8796.481941971537
  ],
  "energy_cumulative_Wh": [
    0.0,
    0.6532534925197974,
    0.9104297165398753,
    0.9582560468512791,
    1.059158325471847,
    1.220040345072571,
    1.2481173841262962,
    1.274032088150727,
    1.3424964611052574,
    1.4246644982537155,
    1.5116754297798554,
    1.600209538368032,
    1.6123393377170276,
    1.6539311664852023,
    1.7078515133548033,
    1.8237894764581273,
    1.9404033273801669,
    2.108887281436316,
    2.3171960019557365,
    2.443467206103205
  ],
  "lateral_acceleration_ms2": [
    0.0,
    5.78575688263587e-05,
    1.1404069437815558,
    1.2091366914058845,
    0.2283253201691665,
    0.13221633990872003,
    0.5283954889833825,
    0.6273651399280945,
    0.004012616252635628,
    0.34321829481522087,
    1.476781770533508,
    0.16416344246167575,
    0.04575319696028179,
    2.199539472739571,
    0.03270199124723899,
    0.7498923429979952,
    0.7449616239990727,
    1.8828375258589156,
    0.0017140501941466564,
    0.008111042368392806
  ],
  "total_energy_J": 8796.481941971537,
  "total_energy_Wh": 2.443467206103205,
  "total_time_s": 188.55054002674314,
  "avg_velocity_kmh": 25.195670080426122,
  "peak_power_W": 114.79565569858435,
  "peak_force_N": 30.376296615129093,
  "energy_aero_Wh": 0.6150302004898276,
  "energy_rolling_Wh": 1.0764144651133734,
  "energy_grade_Wh": 0.5935735791982741,
  "energy_drivetrain_loss_Wh": 0.23988211695109365,
  "energy_mechanical_braking_Wh": 0.0,
  "energy_potential_grade_Wh": 0.5759298547610843,
  "energy_potential_kinetic_Wh": 0.0,
  "energy_recovered_regen_Wh": 0.0
}